[
  {
    "id": 1,
    "title": "许我耀眼",
    "cover_url": "https://vcover-vt-pic.puui.qpic.cn/vcover_vt_pic/0/mzc00200f19q8q51726740653099/260?imageView2/2/w/177",
    "year": "2025",
    "country": "大陆",
    "genre": "连续剧",
    "title_play_url": "https://erik7761269084-arch.github.io/-/testphoto/xwyy.html"
  },
  {
    "id": 2,
    "title": "​月升沧海 - 星汉灿烂​",
    "cover_url": "https://puui.qpic.cn/vcover_vt_pic/0/mzc00200vmd652y1658930222301/260?imageView2/2/w/177",
    "year": "2025",
    "country": "大陆",
    "genre": "连续剧",
    "title_play_url": "https://erik7761269084-arch.github.io/-/testphoto/xwyy.html"
  },
  {
    "id": 3,
    "title": "​神隐",
    "cover_url": "https://vcover-vt-pic.puui.qpic.cn/vcover_vt_pic/0/mzc002005yrabqm1702140694735/260?imageView2/2/w/177",
    "year": "2025",
    "country": "大陆",
    "genre": "连续剧",
    "title_play_url": "https://erik7761269084-arch.github.io/-/testphoto/shenyin.html"
  },
  {
    "id": 4,
    "title": "​传闻中的陈芊芊",
    "cover_url": "https://puui.qpic.cn/vcover_vt_pic/0/mzc00200q3ctjw01675667075794/260?imageView2/2/w/177",
    "year": "2025",
    "country": "大陆",
    "genre": "连续剧",
    "title_play_url": "https://erik7761269084-arch.github.io/-/testphoto/cwzdcqq.html"
  },
  {
    "id": 5,
    "title": "​​我，喜欢你​",
    "cover_url": "https://vcover-vt-pic.puui.qpic.cn/vcover_vt_pic/0/mzc00200db1ddbp1711435317044/260?imageView2/2/w/177",
    "year": "2025",
    "country": "大陆",
    "genre": "连续剧",
    "title_play_url": "https://erik7761269084-arch.github.io/-/testphoto/IloveU.html"
  },
    {
    "id": 6,
    "title": "​哦！我的皇帝陛下第一季​​",
    "cover_url": "https://puui.qpic.cn/vcover_vt_pic/0/wxwaravazucarb11675670382950/260?imageView2/2/w/177",
    "year": "2025",
    "country": "大陆",
    "genre": "连续剧",
    "title_play_url": "https://erik7761269084-arch.github.io/-/testphoto/my_emperor1.html"
  },
  {
    "id": 7,
    "title": "​哦！我的皇帝陛下第二季​​",
    "cover_url": "https://puui.qpic.cn/vcover_vt_pic/0/wxwaravazucarb11675670382950/260?imageView2/2/w/177",
    "year": "2025",
    "country": "大陆",
    "genre": "连续剧",
    "title_play_url": "https://erik7761269084-arch.github.io/-/testphoto/my_emperor2.html"
  },
  {
    "id": 8,
    "title": "​且试天下​​",
    "cover_url": "https://puui.qpic.cn/vcover_vt_pic/0/mzc00200v3lnbmd1649386229079/260?imageView2/2/w/177",
    "year": "2025",
    "country": "大陆",
    "genre": "连续剧",
    "title_play_url": "https://erik7761269084-arch.github.io/-/testphoto/qstx.html"
  },
  {
    "id": 9,
    "title": "​胡同​​",
    "cover_url": "https://puui.qpic.cn/vcover_vt_pic/0/mzc002001mdwbhu1663840996905/260?imageView2/2/w/155/h/216",
    "year": "2025",
    "country": "大陆",
    "genre": "连续剧",
    "title_play_url": "https://erik7761269084-arch.github.io/-/testphoto/hutong.html"
  },
  {
    "id": 10,
    "title": "​国子监来了个女弟子​​",
    "cover_url": "https://puui.qpic.cn/vcover_vt_pic/0/mzc00200d0lutv21631674355615/0?max_age=7776000",
    "year": "2025",
    "country": "大陆",
    "genre": "连续剧",
    "title_play_url": "https://erik7761269084-arch.github.io/-/testphoto/gzjllgndz.html"
  },
  {
    "id": 11,
    "title": "​长歌行​​",
    "cover_url": "https://puui.qpic.cn/vcover_vt_pic/0/mzc00200c6aodyr1617189326265/260?imageView2/2/w/177",
    "year": "2025",
    "country": "大陆",
    "genre": "连续剧",
    "title_play_url": "https://erik7761269084-arch.github.io/-/testphoto/changgexing.html"
  },
  {
    "id": 12,
    "title": "​萌妻食神​​",
    "cover_url": "https://puui.qpic.cn/vcover_vt_pic/0/8itzxvis4st33891528281577/0?max_age=7776000",
    "year": "2025",
    "country": "大陆",
    "genre": "连续剧",
    "title_play_url": "https://erik7761269084-arch.github.io/-/testphoto/AdorableWifeChef.html"
  },
  {
    "id": 13,
    "title": "​三千鸦杀​​",
    "cover_url": "https://vcover-vt-pic.puui.qpic.cn/vcover_vt_pic/0/sdp0010051g60p91745411200/260?imageView2/2/w/177",
    "year": "2025",
    "country": "大陆",
    "genre": "连续剧",
    "title_play_url": "https://erik7761269084-arch.github.io/-/testphoto/sqys.html"
  },
  {
    "id": 14,
    "title": "​偷偷藏不住​​",
    "cover_url": "https://vcover-vt-pic.puui.qpic.cn/vcover_vt_pic/0/sdp001000ac62mq1737093994/260?imageView2/2/w/177",
    "year": "2025",
    "country": "大陆",
    "genre": "连续剧",
    "title_play_url": "https://erik7761269084-arch.github.io/-/testphoto/ttcbz.html"
  },
  {
    "id": 15,
    "title": "​珠帘玉幕​​",
    "cover_url": "https://vcover-vt-pic.puui.qpic.cn/vcover_vt_pic/0/sdp001000a86i3z1748677572/260?imageView2/2/w/177",
    "year": "2025",
    "country": "大陆",
    "genre": "连续剧",
    "title_play_url": "https://erik7761269084-arch.github.io/-/testphoto/zlym.html"
  },
  {
    "id": 16,
    "title": "​后浪​​",
    "cover_url": "https://vcover-vt-pic.puui.qpic.cn/vcover_vt_pic/0/sdp0010051y6j6b1738002646/260?imageView2/2/w/177",
    "year": "2025",
    "country": "大陆",
    "genre": "连续剧",
    "title_play_url": "https://erik7761269084-arch.github.io/-/testphoto/houlang.html"
  },
  {
    "id": 17,
    "title": "​​一不小心捡到爱​​​",
    "cover_url": "https://vcover-vt-pic.puui.qpic.cn/vcover_vt_pic/0/sdp0010051izvem1737099279/260?imageView2/2/w/177",
    "year": "2025",
    "country": "大陆",
    "genre": "连续剧",
    "title_play_url": "https://erik7761269084-arch.github.io/-/testphoto/ybxxjda.html"
  },
  {
    "id": 18,
    "title": "​​​凤囚凰​​​​",
    "cover_url": "https://vcover-vt-pic.puui.qpic.cn/vcover_vt_pic/0/sdp001hj9dqisbc1745671966/260?imageView2/2/w/177",
    "year": "2025",
    "country": "大陆",
    "genre": "连续剧",
    "title_play_url": "https://erik7761269084-arch.github.io/-/testphoto/fqh.html"
  },
  {
    "id": 19,
    "title": "​​​青囊传​​​​",
    "cover_url": "https://vcover-vt-pic.puui.qpic.cn/vcover_vt_pic/0/sdp0010051qmljz1737469938/260?imageView2/2/w/177",
    "year": "2025",
    "country": "大陆",
    "genre": "连续剧",
    "title_play_url": "https://erik7761269084-arch.github.io/-/testphoto/qnc.html"
  },
  {
    "id": 20,
    "title": "​​​天雷一部之春花秋月​​​​",
    "cover_url": "https://vcover-vt-pic.puui.qpic.cn/vcover_vt_pic/0/sdp00100514bmrv1737099911/260?imageView2/2/w/177",
    "year": "2025",
    "country": "大陆",
    "genre": "连续剧",
    "title_play_url": "https://erik7761269084-arch.github.io/-/testphoto/tlybchqy.html"
  },
  {
    "id": 21,
    "title": "​​​最动听的事​​​​",
    "cover_url": "https://vcover-vt-pic.puui.qpic.cn/vcover_vt_pic/0/sdp0012n2bp6v4i1737473075/260?imageView2/2/w/177",
    "year": "2025",
    "country": "大陆",
    "genre": "连续剧",
    "title_play_url": "https://erik7761269084-arch.github.io/-/testphoto/zdtds.html"
  }
  
  
]